grade	unit	word	ipa	zh
三年级上册	Unit 1	ruler	['ru:lə]	尺子
三年级上册	Unit 1	pencil	['pensl]	铅笔
三年级上册	Unit 1	eraser	[i'reisə]	橡皮
三年级上册	Unit 1	crayon	['kreiən]	蜡笔
三年级上册	Unit 1	bag	[bæg]	书包
三年级上册	Unit 1	pen	[pen]	钢笔
三年级上册	Unit 1	pencil-case	['penslkeis]	铅笔盒
三年级上册	Unit 1	book	[buk]	书
三年级上册	Unit 1	no		不
三年级上册	Unit 1	your		你（们）的
三年级上册	Unit 2	red	[red]	红色的
三年级上册	Unit 2	green	[gri:n]	绿色的
三年级上册	Unit 2	yellow	['jeləu]	黄色的
三年级上册	Unit 2	blue	[blu:]	蓝色的
三年级上册	Unit 2	black	[blæk]	黑色的
三年级上册	Unit 2	brown	[braun]	棕色的
三年级上册	Unit 2	white	[hwait]	白色的
三年级上册	Unit 2	orange	['ɔ:rindʒ]	橙色的
三年级上册	Unit 2	OK		好
三年级上册	Unit 2	mum		妈妈
三年级上册	Unit 3	face	[feis]	脸
三年级上册	Unit 3	ear	[iə]	耳朵
三年级上册	Unit 3	eye	[ai]	眼睛
三年级上册	Unit 3	nose	[nəuz]	鼻子
三年级上册	Unit 3	mouth	[mauθ]	嘴
三年级上册	Unit 3	arm	[ɑ:m]	胳膊
三年级上册	Unit 3	hand		手
三年级上册	Unit 3	head	[hed]	头
三年级上册	Unit 3	body	['bɔdi]	身体
三年级上册	Unit 3	leg	[leg]	腿
三年级上册	Unit 3	foot	[fut]	脚
三年级上册	Unit 4	duck	[dʌk]	鸭子
三年级上册	Unit 4	pig	[pig]	猪
三年级上册	Unit 4	cat	[kæt]	猫
三年级上册	Unit 4	bear	[bɛə]	熊
三年级上册	Unit 4	dog	[dɔg]	狗
三年级上册	Unit 4	elephant	['elifənt]	大象
三年级上册	Unit 4	monkey	['mʌŋki]	猴子
三年级上册	Unit 4	bird	[bə:d]	鸟
三年级上册	Unit 4	tiger		老虎
三年级上册	Unit 4	panda	['pændə]	熊猫
三年级上册	Unit 4	zoo		动物园
三年级上册	Unit 4	funny		滑稽的；好笑的
三年级上册	Unit 5	bread	[bred]	面包
三年级上册	Unit 5	juice	[dʒu:s]	果汁
三年级上册	Unit 5	egg		鸡蛋
三年级上册	Unit 5	milk	[milk]	牛奶
三年级上册	Unit 5	water	['wɔ:tə]	水
三年级上册	Unit 5	cake	[keik]	蛋糕
三年级上册	Unit 5	fish		鱼
三年级上册	Unit 5	rice		米饭
三年级上册	Unit 6	one	[wʌn]	一
三年级上册	Unit 6	two	[tu:]	二
三年级上册	Unit 6	three	[θri:]	三
三年级上册	Unit 6	four	[fɔ:]	四
三年级上册	Unit 6	five	[faiv]	五
三年级上册	Unit 6	six	[siks]	六
三年级上册	Unit 6	seven	['sevn]	七
三年级上册	Unit 6	eight	[eit]	八
三年级上册	Unit 6	nine	[nain]	九
三年级上册	Unit 6	ten	[ten]	十
三年级上册	Unit 6	brother		兄弟
三年级上册	Unit 6	plate		盘子
三年级下册	Unit 1	UK		英国
三年级下册	Unit 1	Canada		加拿大
三年级下册	Unit 1	USA		美国
三年级下册	Unit 1	China		中国
三年级下册	Unit 1	she		她
三年级下册	Unit 1	student	['stju:dənt]	学生
三年级下册	Unit 1	pupil		学生，尤指小学生
三年级下册	Unit 1	he		他
三年级下册	Unit 1	teacher	['ti:tʃə]	教师
三年级下册	Unit 1	boy	[bɔi]	男孩
三年级下册	Unit 1	and	[ænd]	和；并且
三年级下册	Unit 1	girl	[gə:l]	女孩
三年级下册	Unit 1	new		新的
三年级下册	Unit 1	friend	[frend]	朋友
三年级下册	Unit 1	today		今天
三年级下册	Unit 2	father	['fɑ:ðə]	爸爸
三年级下册	Unit 2	dad	[dæd]	爸爸口语
三年级下册	Unit 2	man	[mæn]	男人
三年级下册	Unit 2	woman	['wumən]	女人
三年级下册	Unit 2	mother	['mʌðə]	母亲；妈妈
三年级下册	Unit 2	sister	['sistə]	姐妹
三年级下册	Unit 2	brother	['brʌðə]	兄弟
三年级下册	Unit 2	grandmother	['grænd,mʌðə]	外祖母
三年级下册	Unit 2	grandma	['grændmɑ:]	（口语）（外）祖母
三年级下册	Unit 2	grandfather	['grænd,fɑ:ðə]	（外）祖父
三年级下册	Unit 2	grandpa	['grændpɑ:]	（口语）（外）祖父
三年级下册	Unit 2	family		家；家庭
三年级下册	Unit 3	thin	[θin]	瘦的
三年级下册	Unit 3	fat	[fæt]	胖的；肥的
三年级下册	Unit 3	tall	[tɔ:l]	高的
三年级下册	Unit 3	short	[ʃɔ:t]	短的；矮的
三年级下册	Unit 3	long	[lɔŋ]	长的
三年级下册	Unit 3	small	[smɔ:l]	小的
三年级下册	Unit 3	big	[big]	大的
三年级下册	Unit 3	giraffe	[dʒi'rɑ:f]	长颈鹿
三年级下册	Unit 3	so		这么，那么
三年级下册	Unit 3	children		child的复数，儿童
三年级下册	Unit 3	tail		尾巴
三年级下册	Unit 4	on		在.....上
三年级下册	Unit 4	in		在......里
三年级下册	Unit 4	under		在....下面
三年级下册	Unit 4	chair		椅子
三年级下册	Unit 4	desk		书桌
三年级下册	Unit 4	cap		帽子
三年级下册	Unit 4	ball		球
三年级下册	Unit 4	car		小汽车
三年级下册	Unit 4	boat		小船
三年级下册	Unit 4	map		地图
三年级下册	Unit 4	toy		玩具
三年级下册	Unit 4	box		盒；箱
三年级下册	Unit 5	pear	[pɛə]	梨
三年级下册	Unit 5	apple	['æpl]	苹果
三年级下册	Unit 5	orange	['ɔ:rindʒ]	橙子
三年级下册	Unit 5	banana	[bə'nɑ:nə]	香蕉
三年级下册	Unit 5	watermelon	['wɔ:tə,melən]	西瓜
三年级下册	Unit 5	strawberry	['strɔ:bəri]	草莓
三年级下册	Unit 5	grape	[greip]	葡萄
三年级下册	Unit 5	peach	[pi:tʃ]	桃
三年级下册	Unit 5	buy		买
三年级下册	Unit 5	fruit		水果
三年级下册	Unit 6	eleven	[i'levn]	十一
三年级下册	Unit 6	twelve	[twelv]	十二
三年级下册	Unit 6	thirteen	['θə:ti:n]	十三
三年级下册	Unit 6	fourteen	['fɔ:'ti:n]	十四
三年级下册	Unit 6	fifteen	['fif'ti:n]	十五
三年级下册	Unit 6	sixteen	['siks'ti:n]	十六
三年级下册	Unit 6	seventeen	[,sevn'ti:n]	十七
三年级下册	Unit 6	eighteen	['ei'ti:n]	十八
三年级下册	Unit 6	nineteen	['nain'ti:n]	十九
三年级下册	Unit 6	twenty	['twenti]	二十
三年级下册	Unit 6	kite		风筝
三年级下册	Unit 6	beautiful		美丽的
四年级上册	Unit 1	classroom	['klɑ:srum]	教室
四年级上册	Unit 1	window	['windəu]	窗户
四年级上册	Unit 1	blackboard		黑板
四年级上册	Unit 1	light	[lait]	灯，灯管
四年级上册	Unit 1	picture	['piktʃə]	画，图画
四年级上册	Unit 1	door	[dɔ:]	门
四年级上册	Unit 1	teacher’s desk		讲台
四年级上册	Unit 1	computer	[kəm'pju:tə]	计算机
四年级上册	Unit 1	fan	[fæn]	扇子，电扇
四年级上册	Unit 1	wall	[wɔ:l]	墙
四年级上册	Unit 1	floor	[flɔ:]	地板
四年级上册	Unit 1	really	['riəli]	真地；确切地
四年级上册	Unit 1	near	[niə]	在……的旁边
四年级上册	Unit 1	TV		电视
四年级上册	Unit 1	clean	[kli:n]	打扫，清洁，擦干净的
四年级上册	Unit 1	help		帮助
四年级上册	Unit 2	schoolbag	[ˈsku:lˌbæg]	书包
四年级上册	Unit 2	math book	[mæθ][buk]	数学书
四年级上册	Unit 2	English book		英语书
四年级上册	Unit 2	Chinese book		语文书
四年级上册	Unit 2	storybook	['stɔ:ri][buk]	故事书
四年级上册	Unit 2	candy		糖果
四年级上册	Unit 2	notebook	['nəutbuk]	笔记本
四年级上册	Unit 2	toy		玩具
四年级上册	Unit 2	key		钥匙
四年级上册	Unit 2	lost		丢失
四年级上册	Unit 2	so		非常地
四年级上册	Unit 2	much		非常地
四年级上册	Unit 2	cute		可爱的
四年级上册	Unit 3	strong	[strɔŋ]	健壮的
四年级上册	Unit 3	friendly		友好的
四年级上册	Unit 3	quiet	['kwaiət]	安静的
四年级上册	Unit 3	hair	[hɛə]	长头发
四年级上册	Unit 3	shoe		鞋
四年级上册	Unit 3	glasses		眼镜
四年级上册	Unit 3	his	[hiz]	他的
四年级上册	Unit 3	or		或者
四年级上册	Unit 3	right	[rait]	对的；正确的
四年级上册	Unit 3	hat		帽子
四年级上册	Unit 3	her		她的
四年级上册	Unit 4	bedroom	['bedrum]	卧室
四年级上册	Unit 4	living room	['liviŋ][ru:m]	客厅
四年级上册	Unit 4	study	['stʌdi]	书房
四年级上册	Unit 4	kitchen	['kitʃin]	厨房
四年级上册	Unit 4	bathroom	['bæθrum]	卫生间
四年级上册	Unit 4	bed	[bed]	床
四年级上册	Unit 4	phone	[fəun]	电话
四年级上册	Unit 4	table	['teibl]	桌子
四年级上册	Unit 4	sofa	['səufə]	沙发
四年级上册	Unit 4	fridge	[fridʒ]	冰箱
四年级上册	Unit 4	find		找到
四年级上册	Unit 4	them		他、她、它们
四年级上册	Unit 5	beef	[bi:f]	牛肉
四年级上册	Unit 5	chicken	['tʃikin]	鸡肉
四年级上册	Unit 5	noodles	['nu:dl]	面条（复数）
四年级上册	Unit 5	soup	[su:p]	汤
四年级上册	Unit 5	vegetable	['vedʒitəbl]	蔬菜
四年级上册	Unit 5	chopsticks	['tʃɔpstiks]	筷子（复数）
四年级上册	Unit 5	bowl		碗
四年级上册	Unit 5	fork	[fɔ:k]	叉子
四年级上册	Unit 5	knife	[naif]	刀
四年级上册	Unit 5	spoon	[spu:n]	勺子
四年级上册	Unit 5	dinner	['dinə]	晚餐；正餐
四年级上册	Unit 5	ready	['redi]	准备好了
四年级上册	Unit 5	help yourself	[help] [juə'self]	随便吃
四年级上册	Unit 5	pass	[pɑ:s]	传递
四年级上册	Unit 5	try	[trai]	尝试；试一下
四年级上册	Unit 6	parents		父母
四年级上册	Unit 6	cousin		同辈表亲
四年级上册	Unit 6	uncle	['ʌŋkl]	叔叔；舅舅
四年级上册	Unit 6	aunt	[ɑ:nt]	姑姑；婶；姨
四年级上册	Unit 6	baby	['beibi]	婴儿
四年级上册	Unit 6	doctor	['dɔktə]	医生
四年级上册	Unit 6	cook		厨师
四年级上册	Unit 6	driver	['draivə]	司机
四年级上册	Unit 6	farmer	['fɑ:mə]	农民
四年级上册	Unit 6	nurse	[nə:s]	护士
四年级上册	Unit 6	people	['pi:pl]	人
四年级上册	Unit 6	but		但是
四年级上册	Unit 6	little		小的
四年级上册	Unit 6	puppy	['pʌpi]	小狗
四年级上册	Unit 6	football player		足球运动员
四年级上册	Unit 6	job		工作
四年级上册	Unit 6	basketball		篮球
四年级下册	Unit 1	first		第一
四年级下册	Unit 1	floor		一楼
四年级下册	Unit 1	second floor		二楼
四年级下册	Unit 1	teacher’s office		教师办公室
四年级下册	Unit 1	playground		操场
四年级下册	Unit 1	computer	[kəm'pju:tə]	计算机
四年级下册	Unit 1	room		房间
四年级下册	Unit 1	art		美术教室
四年级下册	Unit 1	music room		音乐教室
四年级下册	Unit 1	next to		紧邻，在....近旁
四年级下册	Unit 1	homework		作业
四年级下册	Unit 1	class	[klɑ:s]	班级
四年级下册	Unit 1	forty		四十
四年级下册	Unit 1	way		方向
四年级下册	Unit 2	breakfast		早餐；早饭
四年级下册	Unit 2	English class		英语课
四年级下册	Unit 2	lunch		午餐；午饭
四年级下册	Unit 2	music class		音乐课
四年级下册	Unit 2	PE class		体育课
四年级下册	Unit 2	dinner		（中午或晚上吃的）正餐
四年级下册	Unit 2	get up		起床
四年级下册	Unit 2	go to school		去上学
四年级下册	Unit 2	go home		回家
四年级下册	Unit 2	go to bed		上床睡觉
四年级下册	Unit 2	over		结束
四年级下册	Unit 2	now		现在；目前
四年级下册	Unit 2	o’clock		....点钟
四年级下册	Unit 2	kid		小孩
四年级下册	Unit 2	thirty		三十
四年级下册	Unit 2	come on		快；加油
四年级下册	Unit 2	just a minute		稍等一会
四年级下册	Unit 3	cold	[kəuld]	寒冷的
四年级下册	Unit 3	cool	[ku:l]	凉爽的
四年级下册	Unit 3	warm	[wɔ:m]	暖和的
四年级下册	Unit 3	hot		热的；烫的
四年级下册	Unit 3	sunny	['sʌni]	晴朗的
四年级下册	Unit 3	windy		多风的
四年级下册	Unit 3	cloudy		阴天的；多云的
四年级下册	Unit 3	snowy	[snəui]	下雪的
四年级下册	Unit 3	rainy		阴雨的；多雨的
四年级下册	Unit 3	outside		在户外
四年级下册	Unit 3	be careful		小心
四年级下册	Unit 3	weather		天气
四年级下册	Unit 3	New York		纽约
四年级下册	Unit 3	how about		怎么样？
四年级下册	Unit 3	degree		度数
四年级下册	Unit 3	world		世界
四年级下册	Unit 3	London		伦敦
四年级下册	Unit 3	Moscow		莫斯科
四年级下册	Unit 3	Singapore		新加坡城
四年级下册	Unit 3	Sydney		悉尼
四年级下册	Unit 3	fly		放
四年级下册	Unit 3	love		爱你的
四年级下册	Unit 4	tomato		西红柿
四年级下册	Unit 4	potato		马铃薯；土豆
四年级下册	Unit 4	green beans		豆角；四季豆
四年级下册	Unit 4	carrot		胡萝卜
四年级下册	Unit 4	horse		马
四年级下册	Unit 4	cow		母牛；奶牛
四年级下册	Unit 4	sheep		羊；绵羊
四年级下册	Unit 4	hen		母鸡
四年级下册	Unit 4	these		这些
四年级下册	Unit 4	animal		动物
四年级下册	Unit 4	those		那些
四年级下册	Unit 4	garden		花园；菜园
四年级下册	Unit 4	farm		农场
四年级下册	Unit 4	goat		山羊
四年级下册	Unit 4	eat		吃
四年级下册	Unit 5	clothes		衣服；服装
四年级下册	Unit 5	pants		裤子
四年级下册	Unit 5	dress	[dres]	连衣裙
四年级下册	Unit 5	skirt	[skə:t]	裙子
四年级下册	Unit 5	coat		外衣；大衣
四年级下册	Unit 5	sweater		毛衣
四年级下册	Unit 5	sock		短袜
四年级下册	Unit 5	shorts		短裤
四年级下册	Unit 5	jacket	['dʒækit]	夹克衫
四年级下册	Unit 5	shirt	[ʃə:t]	衬衫
四年级下册	Unit 5	yours		你的；你们的
四年级下册	Unit 5	whose		谁的
四年级下册	Unit 5	mine		我的
四年级下册	Unit 5	pack		收拾（行李）
四年级下册	Unit 5	wait		等待
四年级下册	Unit 6	gloves		手套
四年级下册	Unit 6	scarf		围巾；披巾
四年级下册	Unit 6	umbrella		伞；雨伞
四年级下册	Unit 6	sunglasses		太阳眼镜
四年级下册	Unit 6	pretty		美观的；精致的
四年级下册	Unit 6	expensive		昂贵的；花钱多的
四年级下册	Unit 6	cheap		花钱少的；便宜的
四年级下册	Unit 6	nice		好的
四年级下册	Unit 6	try on		试穿
四年级下册	Unit 6	size		尺码；号
四年级下册	Unit 6	of course		当然
四年级下册	Unit 6	too		太；过于
四年级下册	Unit 6	just		正好；恰好
四年级下册	Unit 6	how much		多少钱
四年级下册	Unit 6	eighty		八十
四年级下册	Unit 6	dollar		美元
四年级下册	Unit 6	sale		特价出售
四年级下册	Unit 6	more		更多的
四年级下册	Unit 6	us		我们
五年级上册	Unit 1	old	[əuld]	年老的
五年级上册	Unit 1	young	[jʌŋ]	年轻的
五年级上册	Unit 1	funny	['fʌni]	滑稽可笑的
五年级上册	Unit 1	kind	[kaind]	和蔼的，亲切的
五年级上册	Unit 1	strict	[strikt]	严格的
五年级上册	Unit 1	polite		有礼貌的；客气的
五年级上册	Unit 1	hard-working		工作努力的；辛勤的
五年级上册	Unit 1	helpful		有用的；愿意帮助人的
五年级上册	Unit 1	clever		聪明的；聪颖的
五年级上册	Unit 1	shy		羞怯的；腼腆的；怕生的
五年级上册	Unit 1	know		知道；了解
五年级上册	Unit 1	our		我们的
五年级上册	Unit 1	will		将要
五年级上册	Unit 1	sometimes		有时；间或
五年级上册	Unit 1	robot		机器人
五年级上册	Unit 1	him		他
五年级上册	Unit 1	speak		会说；会讲
五年级上册	Unit 1	finish		完成；做好
五年级上册	Unit 2	Monday		星期一
五年级上册	Unit 2	Tuesday		星期二
五年级上册	Unit 2	Wednesday		星期三
五年级上册	Unit 2	Thursday		星期四
五年级上册	Unit 2	Friday		星期五
五年级上册	Unit 2	Saturday		星期六
五年级上册	Unit 2	Sunday		星期天
五年级上册	Unit 2	weekend		周末
五年级上册	Unit 2	wash		洗
五年级上册	Unit 2	wash my clothes		洗我的衣服
五年级上册	Unit 2	do		做；干
五年级上册	Unit 2	homework	[du:]['həumwə:k]	作业
五年级上册	Unit 2	read		看；读
五年级上册	Unit 2	read books	[ri:d][buk]	读书
五年级上册	Unit 2	play		踢；玩；参加
五年级上册	Unit 2	play football		踢足球
五年级上册	Unit 2	cooking		烹饪；烹调
五年级上册	Unit 2	often		时常；常常
五年级上册	Unit 2	park		公园
五年级上册	Unit 2	tired		疲倦的
五年级上册	Unit 2	sport		体育运动
五年级上册	Unit 2	play sports		做体育运动
五年级上册	Unit 2	should		应该；应当
五年级上册	Unit 2	every		每一个；每个
五年级上册	Unit 2	day	[dei]	天
五年级上册	Unit 2	schedule		工作计划
五年级上册	Unit 3	sandwich		三明治
五年级上册	Unit 3	salad		蔬菜沙拉；混合沙拉
五年级上册	Unit 3	hamburger		汉堡包
五年级上册	Unit 3	ice cream		冰激凌
五年级上册	Unit 3	tea		茶；茶水
五年级上册	Unit 3	fresh		新鲜的；刚摘的
五年级上册	Unit 3	healthy		健康的
五年级上册	Unit 3	delicious		美味的；可口的
五年级上册	Unit 3	hot		辣的
五年级上册	Unit 3	sweet	[swi:t]	甜的
五年级上册	Unit 3	drink		喝；饮
五年级上册	Unit 3	thirsty		渴的；口渴的
五年级上册	Unit 3	favorite		特别喜爱的
五年级上册	Unit 3	food		食物
五年级上册	Unit 3	onion		洋葱；葱头
五年级上册	Unit 4	sing		唱；唱歌
五年级上册	Unit 4	song		歌曲
五年级上册	Unit 4	English songs		唱英文歌曲
五年级上册	Unit 4	play the pipa		弹琵琶
五年级上册	Unit 4	kung fu		功夫；武术
五年级上册	Unit 4	do kung fu		练武术
五年级上册	Unit 4	dance		跳舞
五年级上册	Unit 4	draw		画
五年级上册	Unit 4	cartoon		漫画
五年级上册	Unit 4	draw cartoon		画漫画
五年级上册	Unit 4	cook		烹调；烹饪
五年级上册	Unit 4	swim	[swim]	游泳
五年级上册	Unit 4	play basketball		打篮球
五年级上册	Unit 4	ping-pong		乒乓球
五年级上册	Unit 4	play ping-pong		打乒乓球
五年级上册	Unit 4	speak English		说英语
五年级上册	Unit 4	we'll = we will		我们将
五年级上册	Unit 4	party		聚会
五年级上册	Unit 4	next		下一个的；紧接着的；接下来的
五年级上册	Unit 4	wonderful		极好的；了不起的
五年级上册	Unit 4	learn		学习
五年级上册	Unit 4	any		任何的；任一的
五年级上册	Unit 4	problem		问题
五年级上册	Unit 4	no problem		没问题
五年级上册	Unit 4	want		想要
五年级上册	Unit 4	send		邮寄；发送
五年级上册	Unit 4	email		电子邮件
五年级上册	Unit 5	clock		时钟；钟
五年级上册	Unit 5	plant		植物
五年级上册	Unit 5	bottle		瓶子
五年级上册	Unit 5	water bottle		水瓶
五年级上册	Unit 5	bike		自行车；脚踏车
五年级上册	Unit 5	photo		照片；相片
五年级上册	Unit 5	front		正面
五年级上册	Unit 5	in front of		在.....前面
五年级上册	Unit 5	between		在....中间
五年级上册	Unit 5	above		在...上面
五年级上册	Unit 5	beside		在旁边
五年级上册	Unit 5	behind		在...后面
五年级上册	Unit 5	there		那里
五年级上册	Unit 5	grandparent		祖父；祖母；外祖父；外祖母
五年级上册	Unit 5	their		他们的
五年级上册	Unit 5	house		房屋；房子；住宅
五年级上册	Unit 5	lot		大量；许多
五年级上册	Unit 5	lots of		大量；许多
五年级上册	Unit 5	flower		花，花朵
五年级上册	Unit 5	move		搬家
五年级上册	Unit 5	dirty		肮脏的
五年级上册	Unit 5	everywhere		处处，到处
五年级上册	Unit 5	mouse		老鼠
五年级上册	Unit 5	live		居住
五年级上册	Unit 5	nature		自然界；大自然
五年级上册	Unit 6	forest	['fɔrist]	森林
五年级上册	Unit 6	river	['rivə]	河流
五年级上册	Unit 6	lake	[grɑ:s]	湖泊
五年级上册	Unit 6	mountain		高山；山岳
五年级上册	Unit 6	hill		山丘；小山
五年级上册	Unit 6	tree	[tri:]	树
五年级上册	Unit 6	bridge	[bridʒ]	桥
五年级上册	Unit 6	building	['bildiŋ]	建筑物
五年级上册	Unit 6	village		村庄；村镇
五年级上册	Unit 6	house	[haus]	房子
五年级上册	Unit 6	boating		划船
五年级上册	Unit 6	go boating		去划船
五年级上册	Unit 6	aren’t = are not		不是
五年级上册	Unit 6	rabbit		兔子
五年级上册	Unit 6	high		高的
五年级下册	Unit 1	eat	[i:t]	吃
五年级下册	Unit 1	breakfast	['brekfəst]	早饭
五年级下册	Unit 1	have ... class		上...课
五年级下册	Unit 1	play sports	[plei] [spɔ:ts]	进行体育运动
五年级下册	Unit 1	exercise		活动；运动
五年级下册	Unit 1	do morning exercises		做早操
五年级下册	Unit 1	eat dinner	[i:t]['dinə]	吃晚饭
五年级下册	Unit 1	clean my room		打扫我的房间
五年级下册	Unit 1	go for a walk		去散步
五年级下册	Unit 1	go shopping	[gəu]['ʃɔpiŋ]	购物；买东西
五年级下册	Unit 1	take		学习；上（课）
五年级下册	Unit 1	dancing		跳舞；舞蹈
五年级下册	Unit 1	take a dancing class		上舞蹈课
五年级下册	Unit 1	when	[hwen]	什么时候
五年级下册	Unit 1	after		在...之后
五年级下册	Unit 1	start		开始
五年级下册	Unit 1	usually	['ju:ʒuəli]	通常；一般
五年级下册	Unit 1	Spain		西班牙
五年级下册	Unit 1	late		迟；晚
五年级下册	Unit 1	a.m.		午前；上午
五年级下册	Unit 1	p.m.		午后；下午
五年级下册	Unit 1	why		为什么
五年级下册	Unit 1	shop		去买东西；购物
五年级下册	Unit 1	work		工作
五年级下册	Unit 1	last		上一个的；刚过去的
五年级下册	Unit 1	sound		听起来好像
五年级下册	Unit 1	also		还；也
五年级下册	Unit 1	busy		忙的
五年级下册	Unit 1	need		需要
五年级下册	Unit 1	play		戏剧；剧本
五年级下册	Unit 1	letter		信
五年级下册	Unit 1	live		居住
五年级下册	Unit 1	island		岛
五年级下册	Unit 1	always		总是；一直
五年级下册	Unit 1	cave		山洞；洞穴
五年级下册	Unit 1	go swimming		去游泳
五年级下册	Unit 1	win		获胜
五年级下册	Unit 2	spring	[spriŋ]	春天
五年级下册	Unit 2	summer	['sʌmə]	夏天
五年级下册	Unit 2	autumn		秋天
五年级下册	Unit 2	winter	['wintə]	冬天
五年级下册	Unit 2	season	['si:zn]	季节
五年级下册	Unit 2	picnic		野餐
五年级下册	Unit 2	go on a picnic		去野餐
五年级下册	Unit 2	pick		摘；采集
五年级下册	Unit 2	pick apples		摘苹果
五年级下册	Unit 2	snowman		雪人
五年级下册	Unit 2	make a snowman		堆雪人
五年级下册	Unit 2	go swimming		去游泳
五年级下册	Unit 2	which	[hwitʃ]	哪一个
五年级下册	Unit 2	best	[best]	最；极
五年级下册	Unit 2	snow		雪
五年级下册	Unit 2	good job		做得好
五年级下册	Unit 2	because		因为
五年级下册	Unit 2	vacation		假期
五年级下册	Unit 2	all		全；完全
五年级下册	Unit 2	pink		粉色；粉色的
五年级下册	Unit 2	lovely		可爱的；美丽的
五年级下册	Unit 2	leaf (leaves)		叶子
五年级下册	Unit 2	fall	[fɔ:l]	落下；秋天
五年级下册	Unit 2	paint		用颜料画
五年级下册	Unit 3	Jan. / January		一月
五年级下册	Unit 3	Feb. / February		二月
五年级下册	Unit 3	Mar. / March		三月
五年级下册	Unit 3	Apr. / April		四月
五年级下册	Unit 3	May		五月
五年级下册	Unit 3	June		六月
五年级下册	Unit 3	July		七月
五年级下册	Unit 3	Aug. / August		八月
五年级下册	Unit 3	Sept. / September		九月
五年级下册	Unit 3	Oct. / October		十月
五年级下册	Unit 3	Nov. / November		十一月
五年级下册	Unit 3	Dec. / December		十二月
五年级下册	Unit 3	few		不多；很少
五年级下册	Unit 3	a few		一些
五年级下册	Unit 3	thing		事情
五年级下册	Unit 3	meet		集会；开会
五年级下册	Unit 3	sports meet		运动会
五年级下册	Unit 3	Easter		复活节
五年级下册	Unit 3	trip		旅行
五年级下册	Unit 3	year		年
五年级下册	Unit 3	plant		种植
五年级下册	Unit 3	contest		比赛；竞赛
五年级下册	Unit 3	the Great Wall		长城
五年级下册	Unit 3	national		国家的
五年级下册	Unit 3	National Day		国庆日
五年级下册	Unit 3	American		美国的
五年级下册	Unit 3	Thanksgiving		感恩节
五年级下册	Unit 3	Christmas		圣诞节
五年级下册	Unit 3	holiday		假日；节日
五年级下册	Unit 3	game		游戏
五年级下册	Unit 3	roll		滚动
五年级下册	Unit 3	look for		寻找
五年级下册	Unit 3	chocolate		巧克力
五年级下册	Unit 3	bunny		兔子
五年级下册	Unit 3	by		在.....之前
五年级下册	Unit 4	first (1st)		第一的
五年级下册	Unit 4	second (2nd)		第二的
五年级下册	Unit 4	third (3rd)		第三的
五年级下册	Unit 4	fourth (4th)		第四的
五年级下册	Unit 4	fifth (5th)		第五的
五年级下册	Unit 4	twelfth (12th)		第十二的
五年级下册	Unit 4	twentieth (20th)		第二十的
五年级下册	Unit 4	twenty-first (21st)		第二十一的
五年级下册	Unit 4	twenty-third (23rd)		第二十三的
五年级下册	Unit 4	thirtieth (30th)		第三十的
五年级下册	Unit 4	special		特殊的；特别的
五年级下册	Unit 4	fool		蠢人；傻瓜
五年级下册	Unit 4	kitten		小猫
五年级下册	Unit 4	diary		日记
五年级下册	Unit 4	still		仍然；依旧；还是
五年级下册	Unit 4	noise		声音；响声；噪音
五年级下册	Unit 4	fur		浓密的软毛
五年级下册	Unit 4	open		开着的
五年级下册	Unit 4	walk		行走
五年级下册	Unit 5	mine		我的
五年级下册	Unit 5	yours		你（们）的
五年级下册	Unit 5	his		他的
五年级下册	Unit 5	hers		她的
五年级下册	Unit 5	theirs		他们的；她们的；它们的
五年级下册	Unit 5	ours		我们的
五年级下册	Unit 5	climb	[klaim]	往上爬
五年级下册	Unit 5	jump	[dʒʌmp]	跳
五年级下册	Unit 5	drink water	[driŋk]['wɔ:tə]	喝水
五年级下册	Unit 5	each		每一；各个
五年级下册	Unit 5	other		其他
五年级下册	Unit 5	each other		相互
五年级下册	Unit 5	excited		兴奋的；激动
五年级下册	Unit 5	like		像.....那样
五年级下册	Unit 6	doing morning exercises		（正在）做早操
五年级下册	Unit 6	having....class		（正在）上....课
五年级下册	Unit 6	eating lunch		（正在）吃午饭
五年级下册	Unit 6	reading a book		（正在）看书
五年级下册	Unit 6	listening to music		（正在）听音乐
五年级下册	Unit 6	keep		保持某种状态
五年级下册	Unit 6	keep to the right		靠右
五年级下册	Unit 6	keep your desk clean		保持你的课桌干净
五年级下册	Unit 6	talk quietly		小声讲话
五年级下册	Unit 6	turn		顺序
五年级下册	Unit 6	take turns		按顺序来
五年级下册	Unit 6	bamboo		竹子
五年级下册	Unit 6	show		给人看；指引
五年级下册	Unit 6	anything		任何事物
五年级下册	Unit 6	else		另外；其他
五年级下册	Unit 6	exhibition		展览
五年级下册	Unit 6	say		说；讲
五年级下册	Unit 6	have a look		看一看
五年级下册	Unit 6	sushi		寿司
五年级下册	Unit 6	teach		教
五年级下册	Unit 6	sure		当然
五年级下册	Unit 6	Canadian		加拿大的
五年级下册	Unit 6	Spanish		西班牙的
六年级上册	Unit 1	science		科学
六年级上册	Unit 1	museum		博物馆
六年级上册	Unit 1	post office	[pəust]['ɔ:fis]	邮局
六年级上册	Unit 1	bookstore	['bukstɔ:]	书店
六年级上册	Unit 1	cinema	['sinimə]	电影院
六年级上册	Unit 1	hospital	['hɔspitl]	医院
六年级上册	Unit 1	crossing		十字路口
六年级上册	Unit 1	turn	[tə:n]	转弯
六年级上册	Unit 1	left	[left]	左边
六年级上册	Unit 1	straight	[streit]	成直线地
六年级上册	Unit 1	right	[rait]	右边
六年级上册	Unit 1	ask		问
六年级上册	Unit 1	interesting		有趣的
六年级上册	Unit 1	Italian		意大利的
六年级上册	Unit 1	restaurant		餐馆
六年级上册	Unit 1	pizza		比萨饼
六年级上册	Unit 1	street		大街；街道
六年级上册	Unit 1	get		到达
六年级上册	Unit 1	gave		提供；交给
六年级上册	Unit 1	feature		特点
六年级上册	Unit 1	follow		跟着
六年级上册	Unit 1	far		较远的
六年级上册	Unit 1	tell		告诉
六年级上册	Unit 2	on		在……上
六年级上册	Unit 2	foot		步行
六年级上册	Unit 2	by		乘
六年级上册	Unit 2	bus		公共汽车
六年级上册	Unit 2	plane		飞机
六年级上册	Unit 2	taxi		出租汽车
六年级上册	Unit 2	ship		船
六年级上册	Unit 2	subway		地铁
六年级上册	Unit 2	train		火车
六年级上册	Unit 2	slow		慢的
六年级上册	Unit 2	down		减少；降低
六年级上册	Unit 2	slow down		慢下来
六年级上册	Unit 2	stop		停下
六年级上册	Unit 2	early		早到的
六年级上册	Unit 2	helmet		头盔
六年级上册	Unit 2	must		必须
六年级上册	Unit 2	wear		戴
六年级上册	Unit 2	attention		注意
六年级上册	Unit 2	pay attention to		注意
六年级上册	Unit 2	traffic		交通
六年级上册	Unit 2	traffic lights	['træfik][laits]	交通灯
六年级上册	Unit 2	Germany		德国
六年级上册	Unit 2	Alaska		阿拉斯加州
六年级上册	Unit 2	sled		雪橇
六年级上册	Unit 2	fast		快的
六年级上册	Unit 2	ferry		轮渡
六年级上册	Unit 3	visit		拜访
六年级上册	Unit 3	film		电影
六年级上册	Unit 3	see a film		看电影
六年级上册	Unit 3	trip		旅行
六年级上册	Unit 3	take a trip		去旅行
六年级上册	Unit 3	supermarket		超市
六年级上册	Unit 3	evening		晚上；傍晚
六年级上册	Unit 3	tonight		在今晚
六年级上册	Unit 3	tomorrow		明天
六年级上册	Unit 3	next week		下周
六年级上册	Unit 3	dictionary		词典
六年级上册	Unit 3	comic		滑稽的
六年级上册	Unit 3	comic book		连环画册
六年级上册	Unit 3	word		单词
六年级上册	Unit 3	word book		单词书
六年级上册	Unit 3	postcard		明信片
六年级上册	Unit 3	lesson		课
六年级上册	Unit 3	space		太空
六年级上册	Unit 3	travel		旅行
六年级上册	Unit 3	half		一半
六年级上册	Unit 3	price		价格
六年级上册	Unit 3	Mid-Autumn Festival		中秋节
六年级上册	Unit 3	together		一起
六年级上册	Unit 3	get together		聚会
六年级上册	Unit 3	mooncake		月饼
六年级上册	Unit 3	poem		诗
六年级上册	Unit 3	moon		月亮
六年级上册	Unit 4	studies		（study的第三人称单数形式）学习
六年级上册	Unit 4	puzzle		谜
六年级上册	Unit 4	hiking		远足
六年级上册	Unit 4	pen pal		笔友
六年级上册	Unit 4	hobby		业余爱好
六年级上册	Unit 4	jasmine		茉莉
六年级上册	Unit 4	idea		想法；主意
六年级上册	Unit 4	amazing		令人惊奇的
六年级上册	Unit 4	goal		射门
六年级上册	Unit 4	join		加入
六年级上册	Unit 4	club		俱乐部
六年级上册	Unit 4	share		分享
六年级上册	Unit 5	factory		工厂
六年级上册	Unit 5	worker		工人
六年级上册	Unit 5	postman		邮递员
六年级上册	Unit 5	businessman		商人；企业家
六年级上册	Unit 5	police officer		警察
六年级上册	Unit 5	fisherman		渔民
六年级上册	Unit 5	scientist		科学家
六年级上册	Unit 5	pilot		飞行员
六年级上册	Unit 5	coach		教练
六年级上册	Unit 5	country		国家
六年级上册	Unit 5	head teacher		校长
六年级上册	Unit 5	sea		大海
六年级上册	Unit 5	stay		保持
六年级上册	Unit 5	university		大学
六年级上册	Unit 5	gym		体育馆
六年级上册	Unit 5	if		如果
六年级上册	Unit 5	reporter		记者
六年级上册	Unit 5	use		使用
六年级上册	Unit 5	type		打字
六年级上册	Unit 5	quickly		迅速地
六年级上册	Unit 5	secretary		秘书
六年级上册	Unit 6	angry		生气的
六年级上册	Unit 6	afraid		害怕
六年级上册	Unit 6	sad		难过的
六年级上册	Unit 6	worried		担心的；发愁的
六年级上册	Unit 6	happy		高兴的
六年级上册	Unit 6	see a doctor		看病
六年级上册	Unit 6	wear		穿
六年级上册	Unit 6	more		更多的
六年级上册	Unit 6	deep		深的
六年级上册	Unit 6	breath		呼吸
六年级上册	Unit 6	take a deep breath		深深吸一口气
六年级上册	Unit 6	count		数数
六年级上册	Unit 6	count to ten		数到十
六年级上册	Unit 6	chase		追赶
六年级上册	Unit 6	mice		（mouse的复数）
六年级上册	Unit 6	bad		邪恶的；坏的
六年级上册	Unit 6	hurt		受伤
六年级上册	Unit 6	ill		有病；不舒服
六年级上册	Unit 6	wrong		有毛病
六年级上册	Unit 6	should		应该
六年级上册	Unit 6	feel		觉得；感到
六年级上册	Unit 6	well		健康；身体好
六年级上册	Unit 6	sit		坐
六年级上册	Unit 6	grass		草坪
六年级上册	Unit 6	hear		听见
六年级上册	Unit 6	ant		蚂蚁
六年级上册	Unit 6	worry		担心；担忧
六年级上册	Unit 6	stuck		陷住；无法移动
六年级上册	Unit 6	mud		泥
六年级上册	Unit 6	pull		拉拽
六年级上册	Unit 6	everyone		每人
六年级下册	Unit 1	young		年轻的
六年级下册	Unit 1	younger		更年轻的
六年级下册	Unit 1	old		老的
六年级下册	Unit 1	older		年龄更大的
六年级下册	Unit 1	tall		高的
六年级下册	Unit 1	taller		更高的
六年级下册	Unit 1	short		矮的
六年级下册	Unit 1	shorter		更矮的
六年级下册	Unit 1	long		长的
六年级下册	Unit 1	longer		更长的
六年级下册	Unit 1	thin		瘦的
六年级下册	Unit 1	thinner		更瘦的
六年级下册	Unit 1	heavy		重的
六年级下册	Unit 1	heavier		更重的
六年级下册	Unit 1	big		大的
六年级下册	Unit 1	bigger		更大的
六年级下册	Unit 1	small		小的
六年级下册	Unit 1	smaller		更小的
六年级下册	Unit 1	strong		强壮的
六年级下册	Unit 1	stronger		更强壮的
六年级下册	Unit 1	dinosaur		恐龙
六年级下册	Unit 1	hall		大厅
六年级下册	Unit 1	meter		米
六年级下册	Unit 1	than		比
六年级下册	Unit 1	both		两个都
六年级下册	Unit 1	kilogram		千克；公斤
六年级下册	Unit 1	countryside		乡村
六年级下册	Unit 1	lower		low的比较级；更低的
六年级下册	Unit 1	shadow		阴影；影子
六年级下册	Unit 1	smarter		更聪明的
六年级下册	Unit 1	become		开始变得；变成
六年级下册	Unit 2	cleaned		打扫
六年级下册	Unit 2	stayed		停留；待
六年级下册	Unit 2	washed		洗
六年级下册	Unit 2	watched		看
六年级下册	Unit 2	had		患病；得病
六年级下册	Unit 2	a cold		感冒
六年级下册	Unit 2	slept		睡觉
六年级下册	Unit 2	read		读
六年级下册	Unit 2	saw		看见
六年级下册	Unit 2	last		最近的；上一个的
六年级下册	Unit 2	yesterday		昨天
六年级下册	Unit 2	before		在……之前
六年级下册	Unit 2	drank		喝
六年级下册	Unit 2	show		演出
六年级下册	Unit 2	magazine		杂志
六年级下册	Unit 2	better		更好的
六年级下册	Unit 2	faster		更快的
六年级下册	Unit 2	hotel		旅馆
六年级下册	Unit 2	fixed		修理
六年级下册	Unit 2	broken		破损的
六年级下册	Unit 2	lamp		台灯
六年级下册	Unit 2	loud		喧闹的；大声的
六年级下册	Unit 2	enjoy		享受；喜爱
六年级下册	Unit 2	stay		住宿；逗留
六年级下册	Unit 3	went		(go的过去式) 去
六年级下册	Unit 3	camp		野营
六年级下册	Unit 3	went camping		去野营
六年级下册	Unit 3	fish		钓鱼；捕鱼
六年级下册	Unit 3	went fishing		去钓鱼
六年级下册	Unit 3	rode		(ride的过去式)骑(马，自行车)
六年级下册	Unit 3	hurt		受伤
六年级下册	Unit 3	ate		(eat的过去式) 吃
六年级下册	Unit 3	took		(take的过去式) 拍照
六年级下册	Unit 3	took pictures		拍照
六年级下册	Unit 3	bought		(buy的过去式) 买
六年级下册	Unit 3	gift		礼物
六年级下册	Unit 3	fell		(fall的过去式) 摔倒
六年级下册	Unit 3	mule		骡子
六年级下册	Unit 3	could		(can的过去式) 能
六年级下册	Unit 3	till		直到
六年级下册	Unit 3	beach		海滩；沙滩
六年级下册	Unit 3	basket		蓝；筐
六年级下册	Unit 3	part		角色
六年级下册	Unit 3	licked		(lick的过去式) 舔
六年级下册	Unit 3	laughed		(laugh的过去式) 笑
六年级下册	Unit 4	dining hall		饭厅
六年级下册	Unit 4	grass		草坪
六年级下册	Unit 4	gym		体育馆
六年级下册	Unit 4	ago		以前
六年级下册	Unit 4	cycling		骑自行车运动
六年级下册	Unit 4	go cycling		去骑自行车
六年级下册	Unit 4	ice-skate		滑冰
六年级下册	Unit 4	badminton		羽毛球运动
六年级下册	Unit 4	star		星星
六年级下册	Unit 4	easy		容易的
六年级下册	Unit 4	look up		查阅
六年级下册	Unit 4	Internet		互联网
六年级下册	Unit 4	different		不同的
六年级下册	Unit 4	active		积极的；活跃的
六年级下册	Unit 4	race		赛跑
六年级下册	Unit 4	nothing		没什么
六年级下册	Unit 4	thought		(think的过去式) 想
六年级下册	Unit 4	felt		(feel的过去式) 感觉
六年级下册	Unit 4	cheetah		猎豹
六年级下册	Unit 4	trip		绊倒
六年级下册	Unit 4	woke		(wake的过去式) 醒
六年级下册	Unit 4	dream		梦
六年级下册	Unit 4	合计	**46**	**837**
